{
  "model_name": "/home/jash404/RL_experiments/gsm8k/outputs/Qwen-0.5B-GRPO-run2/checkpoint-700",
  "batch_size": 512,
  "timestamp": "20250801_215114",
  "accuracy": 0.04927975739196361,
  "correct": 65,
  "total": 1319,
  "eval_time": 66.57224154472351,
  "throughput": 19.81306276301197
}